Date,Team,Update_Type,Title,Description,Impact_Area,Public_Facing
2026-02-25,Product,Feature Launch,Outcome Measurement Dashboard v2.0,"Launched redesigned provider dashboard showing PHQ-9 and GAD-7 trends over time with visual alerts for clinical deterioration. Providers can now view patient progress graphs and benchmark against network averages.",Provider Experience;Clinical Quality,No
2026-02-20,Partnerships,Partnership,Anthem Blue Cross Blue Shield National Contract,"Signed national contract with Anthem BCBS covering all 14 states. Expected to add 8M covered lives to Headway network. Largest single payer deal to date.",Growth;Network Expansion,Yes
2026-02-15,Data Science,Milestone,1 Million Validated Outcome Assessments Collected,"Headway's measurement-based care program has now collected over 1 million PHQ-9 and GAD-7 assessments. This dataset positions Headway as one of the largest sources of real-world mental health outcome data.",Clinical Quality;Research,Yes
2026-02-10,Engineering,Infrastructure,HIPAA-Compliant Data Warehouse Migration Complete,"Completed migration to new cloud-native data warehouse with enhanced PHI protections row-level access controls and 10x query performance improvement for clinical analytics.",Data Infrastructure;Compliance,No
2026-02-05,Clinical,Policy Update,Updated Prescribing Oversight Protocol,"Revised clinical oversight requirements for psychiatric prescribers on the platform. New protocol requires chart review of 5% of prescribing encounters monthly and mandatory case consultation for controlled substance prescriptions.",Clinical Governance;Compliance,No
2026-01-30,Product,Feature Launch,Patient Insurance Eligibility Instant Verification,"Patients can now verify their insurance eligibility and estimated copay in under 10 seconds during booking. Reduces billing surprises and decreases post-session billing disputes by estimated 40%.",Patient Experience;Revenue,Yes
2026-01-25,Growth,Milestone,40000 Active Providers on Platform,"Headway network surpassed 40000 active providers across all 50 states. Average time from provider sign-up to first patient session is now 18 days.",Network Growth;Provider Experience,Yes
2026-01-20,Clinical,Program Launch,Perinatal Mental Health Specialty Track,"Launched specialty matching for perinatal mood and anxiety disorders. Patients can now filter for providers with perinatal mental health training. 1200 providers opted into specialty track.",Clinical Quality;Patient Access,Yes
2026-01-15,Product,Feature Launch,Automated Session Reminders with Prep Prompts,"Session reminders now include personalized pre-session prompts (e.g. What would you like to focus on today?) and post-session reflection questions. Early data shows 12% reduction in no-shows.",Patient Experience;Engagement,No
2026-01-10,Legal,Compliance,Multi-State Telehealth Licensure Compact Enrollment,"Headway completed enrollment in the PSYPACT interstate compact for psychologists and the ASWB mobility initiative for social workers. Providers in member states can now see patients across state lines more easily.",Compliance;Access,No
2026-01-05,Partnerships,Partnership,Medicaid MCO Pilot with Centene in Texas and Florida,"Launched pilot program with Centene-managed Medicaid plans in TX and FL. First Medicaid offering for Headway. Targeting 5000 Medicaid patients in first 6 months.",Growth;Access;Equity,Yes
2025-12-20,Data Science,Analysis,Q4 2025 Outcome Report Published Internally,"Quarterly outcome analysis shows 62% of Headway patients with depression achieve clinically meaningful improvement (5+ point PHQ-9 reduction) within 12 sessions. Above published benchmarks.",Clinical Quality;Strategy,No
2025-12-15,Engineering,Feature Launch,Provider EHR Integration API v2,"Released updated API allowing providers to sync session notes assessment scores and treatment plans between Headway and their existing EHR systems. Supports Epic Cerner and TherapyNotes.",Provider Experience;Interoperability,No
2025-12-10,Product,Feature Launch,AI-Assisted Progress Note Drafting (Beta),"Beta launch of AI-generated progress note drafts based on session audio (with patient consent). Providers review and edit before finalizing. 500 providers in beta. Average time saved: 8 minutes per note.",Provider Experience;AI,No
2025-12-01,Clinical,Guideline Update,Evidence-Based Treatment Matching Algorithm v3,"Updated treatment matching recommendations to incorporate patient preference diagnosis severity and provider modality training. New algorithm tested against expert panel recommendations with 84% concordance.",Clinical Quality;Product,No
